{
  "project_info": {
    "project_number": "439826342182",
    "project_id": "mymoment-e8680",
    "storage_bucket": "mymoment-e8680.firebasestorage.app"
  },
  "client": [
    {
      "client_info": {
        "mobilesdk_app_id": "1:439826342182:android:9c34d2c9b554b8f8e061e7",
        "android_client_info": {
          "package_name": "nuist.cn.mymoment"
        }
      },
      "oauth_client": [],
      "api_key": [
        {
          "current_key": "AIzaSyADvNPihtjb49oX2e7WfaWOG1N3T9BrCY0"
        }
      ],
      "services": {
        "appinvite_service": {
          "other_platform_oauth_client": []
        }
      }
    }
  ],
  "configuration_version": "1"
}